<?xml version="1.0" encoding="UTF-8"?>
<GenRun Id="synth_1" LaunchPart="xc7z020clg484-1" LaunchTime="1606787597">
  <File Type="REPORTS-TCL" Name="blinker_hierarchy_reports.tcl"/>
  <File Type="PA-TCL" Name="blinker_hierarchy.tcl"/>
  <File Type="RDS-DCP" Name="blinker_hierarchy.dcp"/>
  <File Type="RDS-RDS" Name="blinker_hierarchy.vds"/>
  <File Type="RDS-UTIL" Name="blinker_hierarchy_utilization_synth.rpt"/>
  <File Type="RDS-UTIL-PB" Name="blinker_hierarchy_utilization_synth.pb"/>
  <FileSet Name="sources" Type="DesignSrcs" RelSrcDir="$PSRCDIR/sources_1" RelGenDir="$PGENDIR/sources_1">
    <Filter Type="Srcs"/>
    <File Path="$PSRCDIR/sources_1/imports/hierarchy_and_abstraction_and_ursidae_oh_my/blinker_hierarchy.v">
      <FileInfo>
        <Attr Name="ImportPath" Val="$PPRDIR/../../../../../../../../ESL/hierarchy_and_abstraction_and_ursidae_oh_my/blinker_hierarchy.v"/>
        <Attr Name="ImportTime" Val="1606426443"/>
        <Attr Name="UsedIn" Val="synthesis"/>
        <Attr Name="UsedIn" Val="implementation"/>
        <Attr Name="UsedIn" Val="simulation"/>
      </FileInfo>
    </File>
    <Config>
      <Option Name="DesignMode" Val="RTL"/>
      <Option Name="TopModule" Val="blinker_hierarchy"/>
      <Option Name="TopAutoSet" Val="TRUE"/>
    </Config>
  </FileSet>
  <FileSet Name="constrs_in" Type="Constrs" RelSrcDir="$PSRCDIR/constrs_1">
    <Filter Type="Constrs"/>
    <File Path="$PSRCDIR/constrs_1/new/hierarchy_and_abstraction_and_ursidae_oh_my.xdc">
      <FileInfo>
        <Attr Name="ImportPath" Val="$PPRDIR/../../../../../../../../ESL_vivado/hierarchy_and_abstraction_and_ursidae_oh_my/hierarchy_and_abstraction_and_ursidae_oh_my/hierarchy_and_abstraction_and_ursidae_oh_my.srcs/constrs_1/new/hierarchy_and_abstraction_and_ursidae_oh_my.xdc"/>
        <Attr Name="ImportTime" Val="1606787590"/>
        <Attr Name="UsedIn" Val="synthesis"/>
        <Attr Name="UsedIn" Val="implementation"/>
      </FileInfo>
    </File>
    <Config>
      <Option Name="TargetConstrsFile" Val="$PSRCDIR/constrs_1/new/hierarchy_and_abstraction_and_ursidae_oh_my.xdc"/>
      <Option Name="ConstrsType" Val="XDC"/>
    </Config>
  </FileSet>
  <FileSet Name="utils" Type="Utils" RelSrcDir="$PSRCDIR/utils_1">
    <Filter Type="Utils"/>
    <Config>
      <Option Name="TopAutoSet" Val="TRUE"/>
    </Config>
  </FileSet>
  <Strategy Version="1" Minor="2">
    <StratHandle Name="Vivado Synthesis Defaults" Flow="Vivado Synthesis 2020"/>
    <Step Id="synth_design"/>
  </Strategy>
</GenRun>
