<?xml version="1.0" encoding="UTF-8"?>
<GenRun Id="impl_1" LaunchPart="xc7z020clg484-1" LaunchTime="1606787597">
  <File Type="CFI_FILE" Name="blinker_hierarchy.cfi"/>
  <File Type="RCFI_FILE" Name="blinker_hierarchy.rcfi"/>
  <File Type="PDI-FILE" Name="blinker_hierarchy.pdi"/>
  <File Type="ROUTE-METHODOLOGY-DRC-RPX" Name="blinker_hierarchy_methodology_drc_routed.rpx"/>
  <File Type="ROUTE-DRC-RPX" Name="blinker_hierarchy_drc_routed.rpx"/>
  <File Type="ROUTE-METHODOLOGY-DRC-PB" Name="blinker_hierarchy_methodology_drc_routed.pb"/>
  <File Type="ROUTE-METHODOLOGY-DRC" Name="blinker_hierarchy_methodology_drc_routed.rpt"/>
  <File Type="POSTROUTE-PHYSOPT-BLACKBOX-DCP" Name="blinker_hierarchy_postroute_physopt_bb.dcp"/>
  <File Type="POSTROUTE-PHYSOPT-DCP" Name="blinker_hierarchy_postroute_physopt.dcp"/>
  <File Type="PHYSOPT-DCP" Name="blinker_hierarchy_physopt.dcp"/>
  <File Type="POSTPLACE-PWROPT-DCP" Name="blinker_hierarchy_postplace_pwropt.dcp"/>
  <File Type="PWROPT-DCP" Name="blinker_hierarchy_pwropt.dcp"/>
  <File Type="PLACE-DCP" Name="blinker_hierarchy_placed.dcp"/>
  <File Type="OPT-DCP" Name="blinker_hierarchy_opt.dcp"/>
  <File Type="ROUTE-BUS-SKEW" Name="blinker_hierarchy_bus_skew_routed.rpt"/>
  <File Type="ROUTE-CLK" Name="blinker_hierarchy_clock_utilization_routed.rpt"/>
  <File Type="ROUTE-TIMING-RPX" Name="blinker_hierarchy_timing_summary_routed.rpx"/>
  <File Type="BITSTR-LTX" Name="debug_nets.ltx"/>
  <File Type="BITSTR-LTX" Name="blinker_hierarchy.ltx"/>
  <File Type="BITSTR-SYSDEF" Name="blinker_hierarchy.sysdef"/>
  <File Type="BITSTR-MMI" Name="blinker_hierarchy.mmi"/>
  <File Type="BITSTR-BMM" Name="blinker_hierarchy_bd.bmm"/>
  <File Type="BITSTR-NKY" Name="blinker_hierarchy.nky"/>
  <File Type="BITSTR-RBT" Name="blinker_hierarchy.rbt"/>
  <File Type="ROUTE-BUS-SKEW-RPX" Name="blinker_hierarchy_bus_skew_routed.rpx"/>
  <File Type="REPORTS-TCL" Name="blinker_hierarchy_reports.tcl"/>
  <File Type="BITSTR-MSK" Name="blinker_hierarchy.msk"/>
  <File Type="ROUTE-BUS-SKEW-PB" Name="blinker_hierarchy_bus_skew_routed.pb"/>
  <File Type="PA-TCL" Name="blinker_hierarchy.tcl"/>
  <File Type="ROUTE-TIMING-PB" Name="blinker_hierarchy_timing_summary_routed.pb"/>
  <File Type="OPT-DRC" Name="blinker_hierarchy_drc_opted.rpt"/>
  <File Type="RBD_FILE" Name="blinker_hierarchy.rbd"/>
  <File Type="BG-BIN" Name="blinker_hierarchy.bin"/>
  <File Type="ROUTE-TIMINGSUMMARY" Name="blinker_hierarchy_timing_summary_routed.rpt"/>
  <File Type="NPI_FILE" Name="blinker_hierarchy.npi"/>
  <File Type="BG-BGN" Name="blinker_hierarchy.bgn"/>
  <File Type="ROUTE-BLACKBOX-DCP" Name="blinker_hierarchy_routed_bb.dcp"/>
  <File Type="WBT-USG" Name="usage_statistics_webtalk.html"/>
  <File Type="RDI-RDI" Name="blinker_hierarchy.vdi"/>
  <File Type="RNPI_FILE" Name="blinker_hierarchy.rnpi"/>
  <File Type="BG-DRC" Name="blinker_hierarchy.drc"/>
  <File Type="ROUTE-ERROR-DCP" Name="blinker_hierarchy_routed_error.dcp"/>
  <File Type="BG-BIT" Name="blinker_hierarchy.bit"/>
  <File Type="ROUTE-STATUS-PB" Name="blinker_hierarchy_route_status.pb"/>
  <File Type="OPT-HWDEF" Name="blinker_hierarchy.hwdef"/>
  <File Type="PLACE-IO" Name="blinker_hierarchy_io_placed.rpt"/>
  <File Type="PLACE-UTIL" Name="blinker_hierarchy_utilization_placed.rpt"/>
  <File Type="PLACE-UTIL-PB" Name="blinker_hierarchy_utilization_placed.pb"/>
  <File Type="PLACE-CTRL" Name="blinker_hierarchy_control_sets_placed.rpt"/>
  <File Type="PLACE-PRE-SIMILARITY" Name="blinker_hierarchy_incremental_reuse_pre_placed.rpt"/>
  <File Type="ROUTE-DRC" Name="blinker_hierarchy_drc_routed.rpt"/>
  <File Type="ROUTE-DRC-PB" Name="blinker_hierarchy_drc_routed.pb"/>
  <File Type="ROUTE-PWR" Name="blinker_hierarchy_power_routed.rpt"/>
  <File Type="ROUTE-PWR-SUM" Name="blinker_hierarchy_power_summary_routed.pb"/>
  <File Type="ROUTE-PWR-RPX" Name="blinker_hierarchy_power_routed.rpx"/>
  <File Type="ROUTE-STATUS" Name="blinker_hierarchy_route_status.rpt"/>
  <File Type="ROUTE-DCP" Name="blinker_hierarchy_routed.dcp"/>
  <FileSet Name="sources" Type="DesignSrcs" RelSrcDir="$PSRCDIR/sources_1" RelGenDir="$PGENDIR/sources_1">
    <Filter Type="Srcs"/>
    <File Path="$PSRCDIR/sources_1/imports/hierarchy_and_abstraction_and_ursidae_oh_my/blinker_hierarchy.v">
      <FileInfo>
        <Attr Name="ImportPath" Val="$PPRDIR/../../../../../../../../ESL/hierarchy_and_abstraction_and_ursidae_oh_my/blinker_hierarchy.v"/>
        <Attr Name="ImportTime" Val="1606426443"/>
        <Attr Name="UsedIn" Val="synthesis"/>
        <Attr Name="UsedIn" Val="implementation"/>
        <Attr Name="UsedIn" Val="simulation"/>
      </FileInfo>
    </File>
    <Config>
      <Option Name="DesignMode" Val="RTL"/>
      <Option Name="TopModule" Val="blinker_hierarchy"/>
      <Option Name="TopAutoSet" Val="TRUE"/>
    </Config>
  </FileSet>
  <FileSet Name="constrs_in" Type="Constrs" RelSrcDir="$PSRCDIR/constrs_1">
    <Filter Type="Constrs"/>
    <File Path="$PSRCDIR/constrs_1/new/hierarchy_and_abstraction_and_ursidae_oh_my.xdc">
      <FileInfo>
        <Attr Name="ImportPath" Val="$PPRDIR/../../../../../../../../ESL_vivado/hierarchy_and_abstraction_and_ursidae_oh_my/hierarchy_and_abstraction_and_ursidae_oh_my/hierarchy_and_abstraction_and_ursidae_oh_my.srcs/constrs_1/new/hierarchy_and_abstraction_and_ursidae_oh_my.xdc"/>
        <Attr Name="ImportTime" Val="1606787590"/>
        <Attr Name="UsedIn" Val="synthesis"/>
        <Attr Name="UsedIn" Val="implementation"/>
      </FileInfo>
    </File>
    <Config>
      <Option Name="TargetConstrsFile" Val="$PSRCDIR/constrs_1/new/hierarchy_and_abstraction_and_ursidae_oh_my.xdc"/>
      <Option Name="ConstrsType" Val="XDC"/>
    </Config>
  </FileSet>
  <FileSet Name="utils" Type="Utils" RelSrcDir="$PSRCDIR/utils_1">
    <Filter Type="Utils"/>
    <Config>
      <Option Name="TopAutoSet" Val="TRUE"/>
    </Config>
  </FileSet>
  <Strategy Version="1" Minor="2">
    <StratHandle Name="Vivado Implementation Defaults" Flow="Vivado Implementation 2020"/>
    <Step Id="init_design"/>
    <Step Id="opt_design"/>
    <Step Id="power_opt_design"/>
    <Step Id="place_design"/>
    <Step Id="post_place_power_opt_design"/>
    <Step Id="phys_opt_design"/>
    <Step Id="route_design"/>
    <Step Id="post_route_phys_opt_design"/>
    <Step Id="write_bitstream"/>
    <Step Id="write_device_image"/>
  </Strategy>
</GenRun>
